--
-- PostgreSQL database dump
--

-- Dumped from database version 15.2
-- Dumped by pg_dump version 15.2

-- Started on 2023-07-04 16:49:10

SET statement_timeout = 0;
SET lock_timeout = 0;
SET idle_in_transaction_session_timeout = 0;
SET client_encoding = 'UTF8';
SET standard_conforming_strings = on;
SELECT pg_catalog.set_config('search_path', '', false);
SET check_function_bodies = false;
SET xmloption = content;
SET client_min_messages = warning;
SET row_security = off;

SET default_tablespace = '';

SET default_table_access_method = heap;

--
-- TOC entry 225 (class 1259 OID 18958)
-- Name: App_appuser; Type: TABLE; Schema: public; Owner: djangouser
--

CREATE TABLE public."App_appuser" (
    id bigint NOT NULL,
    last_login timestamp with time zone,
    is_superuser boolean NOT NULL,
    is_staff boolean NOT NULL,
    is_active boolean NOT NULL,
    date_joined timestamp with time zone NOT NULL,
    email character varying(254) NOT NULL,
    profile_pic character varying(100) NOT NULL,
    gender character varying(1) NOT NULL,
    first_name character varying(100) NOT NULL,
    last_name character varying(100) NOT NULL,
    password character varying(255) NOT NULL,
    lat numeric(22,16) NOT NULL,
    lng numeric(22,16) NOT NULL
);


ALTER TABLE public."App_appuser" OWNER TO djangouser;

--
-- TOC entry 227 (class 1259 OID 18968)
-- Name: App_appuser_groups; Type: TABLE; Schema: public; Owner: djangouser
--

CREATE TABLE public."App_appuser_groups" (
    id bigint NOT NULL,
    appuser_id bigint NOT NULL,
    group_id integer NOT NULL
);


ALTER TABLE public."App_appuser_groups" OWNER TO djangouser;

--
-- TOC entry 226 (class 1259 OID 18967)
-- Name: App_appuser_groups_id_seq; Type: SEQUENCE; Schema: public; Owner: djangouser
--

ALTER TABLE public."App_appuser_groups" ALTER COLUMN id ADD GENERATED BY DEFAULT AS IDENTITY (
    SEQUENCE NAME public."App_appuser_groups_id_seq"
    START WITH 1
    INCREMENT BY 1
    NO MINVALUE
    NO MAXVALUE
    CACHE 1
);


--
-- TOC entry 224 (class 1259 OID 18957)
-- Name: App_appuser_id_seq; Type: SEQUENCE; Schema: public; Owner: djangouser
--

ALTER TABLE public."App_appuser" ALTER COLUMN id ADD GENERATED BY DEFAULT AS IDENTITY (
    SEQUENCE NAME public."App_appuser_id_seq"
    START WITH 1
    INCREMENT BY 1
    NO MINVALUE
    NO MAXVALUE
    CACHE 1
);


--
-- TOC entry 229 (class 1259 OID 18974)
-- Name: App_appuser_user_permissions; Type: TABLE; Schema: public; Owner: djangouser
--

CREATE TABLE public."App_appuser_user_permissions" (
    id bigint NOT NULL,
    appuser_id bigint NOT NULL,
    permission_id integer NOT NULL
);


ALTER TABLE public."App_appuser_user_permissions" OWNER TO djangouser;

--
-- TOC entry 228 (class 1259 OID 18973)
-- Name: App_appuser_user_permissions_id_seq; Type: SEQUENCE; Schema: public; Owner: djangouser
--

ALTER TABLE public."App_appuser_user_permissions" ALTER COLUMN id ADD GENERATED BY DEFAULT AS IDENTITY (
    SEQUENCE NAME public."App_appuser_user_permissions_id_seq"
    START WITH 1
    INCREMENT BY 1
    NO MINVALUE
    NO MAXVALUE
    CACHE 1
);


--
-- TOC entry 231 (class 1259 OID 18980)
-- Name: App_sympathy; Type: TABLE; Schema: public; Owner: djangouser
--

CREATE TABLE public."App_sympathy" (
    id bigint NOT NULL,
    from_user_id bigint NOT NULL,
    to_user_id bigint NOT NULL
);


ALTER TABLE public."App_sympathy" OWNER TO djangouser;

--
-- TOC entry 230 (class 1259 OID 18979)
-- Name: App_sympathy_id_seq; Type: SEQUENCE; Schema: public; Owner: djangouser
--

ALTER TABLE public."App_sympathy" ALTER COLUMN id ADD GENERATED BY DEFAULT AS IDENTITY (
    SEQUENCE NAME public."App_sympathy_id_seq"
    START WITH 1
    INCREMENT BY 1
    NO MINVALUE
    NO MAXVALUE
    CACHE 1
);


--
-- TOC entry 221 (class 1259 OID 18918)
-- Name: auth_group; Type: TABLE; Schema: public; Owner: djangouser
--

CREATE TABLE public.auth_group (
    id integer NOT NULL,
    name character varying(150) NOT NULL
);


ALTER TABLE public.auth_group OWNER TO djangouser;

--
-- TOC entry 220 (class 1259 OID 18917)
-- Name: auth_group_id_seq; Type: SEQUENCE; Schema: public; Owner: djangouser
--

ALTER TABLE public.auth_group ALTER COLUMN id ADD GENERATED BY DEFAULT AS IDENTITY (
    SEQUENCE NAME public.auth_group_id_seq
    START WITH 1
    INCREMENT BY 1
    NO MINVALUE
    NO MAXVALUE
    CACHE 1
);


--
-- TOC entry 223 (class 1259 OID 18926)
-- Name: auth_group_permissions; Type: TABLE; Schema: public; Owner: djangouser
--

CREATE TABLE public.auth_group_permissions (
    id bigint NOT NULL,
    group_id integer NOT NULL,
    permission_id integer NOT NULL
);


ALTER TABLE public.auth_group_permissions OWNER TO djangouser;

--
-- TOC entry 222 (class 1259 OID 18925)
-- Name: auth_group_permissions_id_seq; Type: SEQUENCE; Schema: public; Owner: djangouser
--

ALTER TABLE public.auth_group_permissions ALTER COLUMN id ADD GENERATED BY DEFAULT AS IDENTITY (
    SEQUENCE NAME public.auth_group_permissions_id_seq
    START WITH 1
    INCREMENT BY 1
    NO MINVALUE
    NO MAXVALUE
    CACHE 1
);


--
-- TOC entry 219 (class 1259 OID 18912)
-- Name: auth_permission; Type: TABLE; Schema: public; Owner: djangouser
--

CREATE TABLE public.auth_permission (
    id integer NOT NULL,
    name character varying(255) NOT NULL,
    content_type_id integer NOT NULL,
    codename character varying(100) NOT NULL
);


ALTER TABLE public.auth_permission OWNER TO djangouser;

--
-- TOC entry 218 (class 1259 OID 18911)
-- Name: auth_permission_id_seq; Type: SEQUENCE; Schema: public; Owner: djangouser
--

ALTER TABLE public.auth_permission ALTER COLUMN id ADD GENERATED BY DEFAULT AS IDENTITY (
    SEQUENCE NAME public.auth_permission_id_seq
    START WITH 1
    INCREMENT BY 1
    NO MINVALUE
    NO MAXVALUE
    CACHE 1
);


--
-- TOC entry 233 (class 1259 OID 19029)
-- Name: django_admin_log; Type: TABLE; Schema: public; Owner: djangouser
--

CREATE TABLE public.django_admin_log (
    id integer NOT NULL,
    action_time timestamp with time zone NOT NULL,
    object_id text,
    object_repr character varying(200) NOT NULL,
    action_flag smallint NOT NULL,
    change_message text NOT NULL,
    content_type_id integer,
    user_id bigint NOT NULL,
    CONSTRAINT django_admin_log_action_flag_check CHECK ((action_flag >= 0))
);


ALTER TABLE public.django_admin_log OWNER TO djangouser;

--
-- TOC entry 232 (class 1259 OID 19028)
-- Name: django_admin_log_id_seq; Type: SEQUENCE; Schema: public; Owner: djangouser
--

ALTER TABLE public.django_admin_log ALTER COLUMN id ADD GENERATED BY DEFAULT AS IDENTITY (
    SEQUENCE NAME public.django_admin_log_id_seq
    START WITH 1
    INCREMENT BY 1
    NO MINVALUE
    NO MAXVALUE
    CACHE 1
);


--
-- TOC entry 217 (class 1259 OID 18904)
-- Name: django_content_type; Type: TABLE; Schema: public; Owner: djangouser
--

CREATE TABLE public.django_content_type (
    id integer NOT NULL,
    app_label character varying(100) NOT NULL,
    model character varying(100) NOT NULL
);


ALTER TABLE public.django_content_type OWNER TO djangouser;

--
-- TOC entry 216 (class 1259 OID 18903)
-- Name: django_content_type_id_seq; Type: SEQUENCE; Schema: public; Owner: djangouser
--

ALTER TABLE public.django_content_type ALTER COLUMN id ADD GENERATED BY DEFAULT AS IDENTITY (
    SEQUENCE NAME public.django_content_type_id_seq
    START WITH 1
    INCREMENT BY 1
    NO MINVALUE
    NO MAXVALUE
    CACHE 1
);


--
-- TOC entry 215 (class 1259 OID 18896)
-- Name: django_migrations; Type: TABLE; Schema: public; Owner: djangouser
--

CREATE TABLE public.django_migrations (
    id bigint NOT NULL,
    app character varying(255) NOT NULL,
    name character varying(255) NOT NULL,
    applied timestamp with time zone NOT NULL
);


ALTER TABLE public.django_migrations OWNER TO djangouser;

--
-- TOC entry 214 (class 1259 OID 18895)
-- Name: django_migrations_id_seq; Type: SEQUENCE; Schema: public; Owner: djangouser
--

ALTER TABLE public.django_migrations ALTER COLUMN id ADD GENERATED BY DEFAULT AS IDENTITY (
    SEQUENCE NAME public.django_migrations_id_seq
    START WITH 1
    INCREMENT BY 1
    NO MINVALUE
    NO MAXVALUE
    CACHE 1
);


--
-- TOC entry 234 (class 1259 OID 19049)
-- Name: django_session; Type: TABLE; Schema: public; Owner: djangouser
--

CREATE TABLE public.django_session (
    session_key character varying(40) NOT NULL,
    session_data text NOT NULL,
    expire_date timestamp with time zone NOT NULL
);


ALTER TABLE public.django_session OWNER TO djangouser;

--
-- TOC entry 3440 (class 0 OID 18958)
-- Dependencies: 225
-- Data for Name: App_appuser; Type: TABLE DATA; Schema: public; Owner: djangouser
--

COPY public."App_appuser" (id, last_login, is_superuser, is_staff, is_active, date_joined, email, profile_pic, gender, first_name, last_name, password, lat, lng) FROM stdin;
3	\N	f	f	t	2023-07-04 16:44:34.938265+03	qgpndomciv@wwczq.com	data/profile_pics/my_file_ttNqiNJ.png	F	luqph	yunjc	pbkdf2_sha256$600000$EZAgqGYPXUql1uvKxKMagx$JeoKp4LNDxZLmaOA1M+zyIk6UsukqClAC8FhL+L4Q10=	25.4108345996833700	35.3861593071178500
4	\N	f	f	t	2023-07-04 16:44:36.770749+03	qupsmyxbzc@alous.edu	data/profile_pics/my_file_fN2Mxca.png	F	nxrev	phptr	pbkdf2_sha256$600000$pFA4tFnYF7L8bBrepCbJ6g$LLc/O3lEDN/X5laxKjgLyMqRtcVqrk8St2acs4EkT8A=	-86.6607974522429200	28.7272471664932000
5	\N	f	f	t	2023-07-04 16:44:39.104306+03	vbcaxxmucl@ijmne.net	data/profile_pics/my_file_pwsrS4q.png	M	tkrmz	wwccv	pbkdf2_sha256$600000$jBjG6iEJNZej1vD8C8WqJM$m6oAHVjXcMMPACF8PtwqCjHyeMOFaxy6mfLHJGsf8y8=	29.2251157964124250	-54.6073797719033300
1	2023-07-04 16:45:34.067051+03	f	f	t	2023-07-04 16:44:31.152473+03	widlsmiour@cnvzm.com	data/profile_pics/my_file.png	F	aqgay	sulbe	pbkdf2_sha256$600000$CTZvzm44OPIGPwLwjhnbWq$wM0wizCwPeLZ4g4pB78ESBLLAwhS70RbxCnO0BdZHfs=	-78.4517507243334000	1.7785306556158673
2	2023-07-04 16:46:40.04022+03	f	f	t	2023-07-04 16:44:33.102618+03	wlqsfuiiia@khhsl.org	data/profile_pics/my_file_3oGWM4z.png	F	yywrn	avsmv	pbkdf2_sha256$600000$lSCzaHs4zOFkMoJx0yFDmF$FP6/sE+BfAs3IjqmQuqOTXbRSP8H03vUKvlaMU6yVbo=	-0.2813526327318385	-27.6489749899490680
\.


--
-- TOC entry 3442 (class 0 OID 18968)
-- Dependencies: 227
-- Data for Name: App_appuser_groups; Type: TABLE DATA; Schema: public; Owner: djangouser
--

COPY public."App_appuser_groups" (id, appuser_id, group_id) FROM stdin;
\.


--
-- TOC entry 3444 (class 0 OID 18974)
-- Dependencies: 229
-- Data for Name: App_appuser_user_permissions; Type: TABLE DATA; Schema: public; Owner: djangouser
--

COPY public."App_appuser_user_permissions" (id, appuser_id, permission_id) FROM stdin;
\.


--
-- TOC entry 3446 (class 0 OID 18980)
-- Dependencies: 231
-- Data for Name: App_sympathy; Type: TABLE DATA; Schema: public; Owner: djangouser
--

COPY public."App_sympathy" (id, from_user_id, to_user_id) FROM stdin;
1	1	2
2	1	3
3	1	4
4	1	5
5	2	1
6	2	3
7	2	4
8	2	5
\.


--
-- TOC entry 3436 (class 0 OID 18918)
-- Dependencies: 221
-- Data for Name: auth_group; Type: TABLE DATA; Schema: public; Owner: djangouser
--

COPY public.auth_group (id, name) FROM stdin;
\.


--
-- TOC entry 3438 (class 0 OID 18926)
-- Dependencies: 223
-- Data for Name: auth_group_permissions; Type: TABLE DATA; Schema: public; Owner: djangouser
--

COPY public.auth_group_permissions (id, group_id, permission_id) FROM stdin;
\.


--
-- TOC entry 3434 (class 0 OID 18912)
-- Dependencies: 219
-- Data for Name: auth_permission; Type: TABLE DATA; Schema: public; Owner: djangouser
--

COPY public.auth_permission (id, name, content_type_id, codename) FROM stdin;
1	Can add log entry	1	add_logentry
2	Can change log entry	1	change_logentry
3	Can delete log entry	1	delete_logentry
4	Can view log entry	1	view_logentry
5	Can add permission	2	add_permission
6	Can change permission	2	change_permission
7	Can delete permission	2	delete_permission
8	Can view permission	2	view_permission
9	Can add group	3	add_group
10	Can change group	3	change_group
11	Can delete group	3	delete_group
12	Can view group	3	view_group
13	Can add content type	4	add_contenttype
14	Can change content type	4	change_contenttype
15	Can delete content type	4	delete_contenttype
16	Can view content type	4	view_contenttype
17	Can add session	5	add_session
18	Can change session	5	change_session
19	Can delete session	5	delete_session
20	Can view session	5	view_session
21	Can add user	6	add_appuser
22	Can change user	6	change_appuser
23	Can delete user	6	delete_appuser
24	Can view user	6	view_appuser
25	Can add sympathy	7	add_sympathy
26	Can change sympathy	7	change_sympathy
27	Can delete sympathy	7	delete_sympathy
28	Can view sympathy	7	view_sympathy
\.


--
-- TOC entry 3448 (class 0 OID 19029)
-- Dependencies: 233
-- Data for Name: django_admin_log; Type: TABLE DATA; Schema: public; Owner: djangouser
--

COPY public.django_admin_log (id, action_time, object_id, object_repr, action_flag, change_message, content_type_id, user_id) FROM stdin;
\.


--
-- TOC entry 3432 (class 0 OID 18904)
-- Dependencies: 217
-- Data for Name: django_content_type; Type: TABLE DATA; Schema: public; Owner: djangouser
--

COPY public.django_content_type (id, app_label, model) FROM stdin;
1	admin	logentry
2	auth	permission
3	auth	group
4	contenttypes	contenttype
5	sessions	session
6	App	appuser
7	App	sympathy
\.


--
-- TOC entry 3430 (class 0 OID 18896)
-- Dependencies: 215
-- Data for Name: django_migrations; Type: TABLE DATA; Schema: public; Owner: djangouser
--

COPY public.django_migrations (id, app, name, applied) FROM stdin;
1	contenttypes	0001_initial	2023-07-04 16:44:26.537207+03
2	contenttypes	0002_remove_content_type_name	2023-07-04 16:44:26.537207+03
3	auth	0001_initial	2023-07-04 16:44:26.568486+03
4	auth	0002_alter_permission_name_max_length	2023-07-04 16:44:26.584111+03
5	auth	0003_alter_user_email_max_length	2023-07-04 16:44:26.584111+03
6	auth	0004_alter_user_username_opts	2023-07-04 16:44:26.584111+03
7	auth	0005_alter_user_last_login_null	2023-07-04 16:44:26.599737+03
8	auth	0006_require_contenttypes_0002	2023-07-04 16:44:26.599737+03
9	auth	0007_alter_validators_add_error_messages	2023-07-04 16:44:26.599737+03
10	auth	0008_alter_user_username_max_length	2023-07-04 16:44:26.599737+03
11	auth	0009_alter_user_last_name_max_length	2023-07-04 16:44:26.599737+03
12	auth	0010_alter_group_name_max_length	2023-07-04 16:44:26.61536+03
13	auth	0011_update_proxy_permissions	2023-07-04 16:44:26.61536+03
14	auth	0012_alter_user_first_name_max_length	2023-07-04 16:44:26.61536+03
15	App	0001_initial	2023-07-04 16:44:26.740328+03
16	admin	0001_initial	2023-07-04 16:44:26.755952+03
17	admin	0002_logentry_remove_auto_add	2023-07-04 16:44:26.755952+03
18	admin	0003_logentry_add_action_flag_choices	2023-07-04 16:44:26.755952+03
19	sessions	0001_initial	2023-07-04 16:44:26.771577+03
\.


--
-- TOC entry 3449 (class 0 OID 19049)
-- Dependencies: 234
-- Data for Name: django_session; Type: TABLE DATA; Schema: public; Owner: djangouser
--

COPY public.django_session (session_key, session_data, expire_date) FROM stdin;
3k8f08v5jksgpbq5lmajhj6z1dt3n9k3	.eJxVjDsOgzAQRO_iOrK8gH8p03MGtN5dB5LISBiqKHcPSBRJN5r3Zt5qwG0dh63KMkysrgrU5bdLSE8pB-AHlvusaS7rMiV9KPqkVfczy-t2un8HI9ZxX3ctBQILHI2LPsckjBzaPXD0rYCnDJ5FUnZdBmsBMRnnAlCDYJqgPl_2izg4:1qGgLW:i5wdNRpaSZm0igeWGs7inWBEOV_MCf-eIBwecpYJINk	2023-07-18 16:45:34.07808+03
l6omk4yl7qkfxa8n9vmvv0g8eoohe7la	.eJxVjMsOwiAQRf-FtSHDs-DSvd9AGBikaiAp7cr479qkC93ec859sRC3tYZt0BLmzM5MstPvhjE9qO0g32O7dZ56W5cZ-a7wgw5-7Zmel8P9O6hx1G9NpA0KKiKnoopzigDVJLSP3iAoL4QEnQRk1JMlBNC2WADrpCmJVGLvD-blN44:1qGgMa:CAZXG8ko7NwuZRyxnhJe55CMBP7GXtTMUd5sY-TCnQA	2023-07-18 16:46:40.050218+03
\.


--
-- TOC entry 3455 (class 0 OID 0)
-- Dependencies: 226
-- Name: App_appuser_groups_id_seq; Type: SEQUENCE SET; Schema: public; Owner: djangouser
--

SELECT pg_catalog.setval('public."App_appuser_groups_id_seq"', 1, false);


--
-- TOC entry 3456 (class 0 OID 0)
-- Dependencies: 224
-- Name: App_appuser_id_seq; Type: SEQUENCE SET; Schema: public; Owner: djangouser
--

SELECT pg_catalog.setval('public."App_appuser_id_seq"', 5, true);


--
-- TOC entry 3457 (class 0 OID 0)
-- Dependencies: 228
-- Name: App_appuser_user_permissions_id_seq; Type: SEQUENCE SET; Schema: public; Owner: djangouser
--

SELECT pg_catalog.setval('public."App_appuser_user_permissions_id_seq"', 1, false);


--
-- TOC entry 3458 (class 0 OID 0)
-- Dependencies: 230
-- Name: App_sympathy_id_seq; Type: SEQUENCE SET; Schema: public; Owner: djangouser
--

SELECT pg_catalog.setval('public."App_sympathy_id_seq"', 8, true);


--
-- TOC entry 3459 (class 0 OID 0)
-- Dependencies: 220
-- Name: auth_group_id_seq; Type: SEQUENCE SET; Schema: public; Owner: djangouser
--

SELECT pg_catalog.setval('public.auth_group_id_seq', 1, false);


--
-- TOC entry 3460 (class 0 OID 0)
-- Dependencies: 222
-- Name: auth_group_permissions_id_seq; Type: SEQUENCE SET; Schema: public; Owner: djangouser
--

SELECT pg_catalog.setval('public.auth_group_permissions_id_seq', 1, false);


--
-- TOC entry 3461 (class 0 OID 0)
-- Dependencies: 218
-- Name: auth_permission_id_seq; Type: SEQUENCE SET; Schema: public; Owner: djangouser
--

SELECT pg_catalog.setval('public.auth_permission_id_seq', 28, true);


--
-- TOC entry 3462 (class 0 OID 0)
-- Dependencies: 232
-- Name: django_admin_log_id_seq; Type: SEQUENCE SET; Schema: public; Owner: djangouser
--

SELECT pg_catalog.setval('public.django_admin_log_id_seq', 1, false);


--
-- TOC entry 3463 (class 0 OID 0)
-- Dependencies: 216
-- Name: django_content_type_id_seq; Type: SEQUENCE SET; Schema: public; Owner: djangouser
--

SELECT pg_catalog.setval('public.django_content_type_id_seq', 7, true);


--
-- TOC entry 3464 (class 0 OID 0)
-- Dependencies: 214
-- Name: django_migrations_id_seq; Type: SEQUENCE SET; Schema: public; Owner: djangouser
--

SELECT pg_catalog.setval('public.django_migrations_id_seq', 19, true);


--
-- TOC entry 3247 (class 2606 OID 18966)
-- Name: App_appuser App_appuser_email_key; Type: CONSTRAINT; Schema: public; Owner: djangouser
--

ALTER TABLE ONLY public."App_appuser"
    ADD CONSTRAINT "App_appuser_email_key" UNIQUE (email);


--
-- TOC entry 3252 (class 2606 OID 18987)
-- Name: App_appuser_groups App_appuser_groups_appuser_id_group_id_67f930e0_uniq; Type: CONSTRAINT; Schema: public; Owner: djangouser
--

ALTER TABLE ONLY public."App_appuser_groups"
    ADD CONSTRAINT "App_appuser_groups_appuser_id_group_id_67f930e0_uniq" UNIQUE (appuser_id, group_id);


--
-- TOC entry 3255 (class 2606 OID 18972)
-- Name: App_appuser_groups App_appuser_groups_pkey; Type: CONSTRAINT; Schema: public; Owner: djangouser
--

ALTER TABLE ONLY public."App_appuser_groups"
    ADD CONSTRAINT "App_appuser_groups_pkey" PRIMARY KEY (id);


--
-- TOC entry 3249 (class 2606 OID 18964)
-- Name: App_appuser App_appuser_pkey; Type: CONSTRAINT; Schema: public; Owner: djangouser
--

ALTER TABLE ONLY public."App_appuser"
    ADD CONSTRAINT "App_appuser_pkey" PRIMARY KEY (id);


--
-- TOC entry 3257 (class 2606 OID 19001)
-- Name: App_appuser_user_permissions App_appuser_user_permiss_appuser_id_permission_id_ecd22375_uniq; Type: CONSTRAINT; Schema: public; Owner: djangouser
--

ALTER TABLE ONLY public."App_appuser_user_permissions"
    ADD CONSTRAINT "App_appuser_user_permiss_appuser_id_permission_id_ecd22375_uniq" UNIQUE (appuser_id, permission_id);


--
-- TOC entry 3261 (class 2606 OID 18978)
-- Name: App_appuser_user_permissions App_appuser_user_permissions_pkey; Type: CONSTRAINT; Schema: public; Owner: djangouser
--

ALTER TABLE ONLY public."App_appuser_user_permissions"
    ADD CONSTRAINT "App_appuser_user_permissions_pkey" PRIMARY KEY (id);


--
-- TOC entry 3264 (class 2606 OID 19015)
-- Name: App_sympathy App_sympathy_from_user_id_to_user_id_0342b72c_uniq; Type: CONSTRAINT; Schema: public; Owner: djangouser
--

ALTER TABLE ONLY public."App_sympathy"
    ADD CONSTRAINT "App_sympathy_from_user_id_to_user_id_0342b72c_uniq" UNIQUE (from_user_id, to_user_id);


--
-- TOC entry 3266 (class 2606 OID 18984)
-- Name: App_sympathy App_sympathy_pkey; Type: CONSTRAINT; Schema: public; Owner: djangouser
--

ALTER TABLE ONLY public."App_sympathy"
    ADD CONSTRAINT "App_sympathy_pkey" PRIMARY KEY (id);


--
-- TOC entry 3236 (class 2606 OID 18955)
-- Name: auth_group auth_group_name_key; Type: CONSTRAINT; Schema: public; Owner: djangouser
--

ALTER TABLE ONLY public.auth_group
    ADD CONSTRAINT auth_group_name_key UNIQUE (name);


--
-- TOC entry 3241 (class 2606 OID 18941)
-- Name: auth_group_permissions auth_group_permissions_group_id_permission_id_0cd325b0_uniq; Type: CONSTRAINT; Schema: public; Owner: djangouser
--

ALTER TABLE ONLY public.auth_group_permissions
    ADD CONSTRAINT auth_group_permissions_group_id_permission_id_0cd325b0_uniq UNIQUE (group_id, permission_id);


--
-- TOC entry 3244 (class 2606 OID 18930)
-- Name: auth_group_permissions auth_group_permissions_pkey; Type: CONSTRAINT; Schema: public; Owner: djangouser
--

ALTER TABLE ONLY public.auth_group_permissions
    ADD CONSTRAINT auth_group_permissions_pkey PRIMARY KEY (id);


--
-- TOC entry 3238 (class 2606 OID 18922)
-- Name: auth_group auth_group_pkey; Type: CONSTRAINT; Schema: public; Owner: djangouser
--

ALTER TABLE ONLY public.auth_group
    ADD CONSTRAINT auth_group_pkey PRIMARY KEY (id);


--
-- TOC entry 3231 (class 2606 OID 18932)
-- Name: auth_permission auth_permission_content_type_id_codename_01ab375a_uniq; Type: CONSTRAINT; Schema: public; Owner: djangouser
--

ALTER TABLE ONLY public.auth_permission
    ADD CONSTRAINT auth_permission_content_type_id_codename_01ab375a_uniq UNIQUE (content_type_id, codename);


--
-- TOC entry 3233 (class 2606 OID 18916)
-- Name: auth_permission auth_permission_pkey; Type: CONSTRAINT; Schema: public; Owner: djangouser
--

ALTER TABLE ONLY public.auth_permission
    ADD CONSTRAINT auth_permission_pkey PRIMARY KEY (id);


--
-- TOC entry 3270 (class 2606 OID 19036)
-- Name: django_admin_log django_admin_log_pkey; Type: CONSTRAINT; Schema: public; Owner: djangouser
--

ALTER TABLE ONLY public.django_admin_log
    ADD CONSTRAINT django_admin_log_pkey PRIMARY KEY (id);


--
-- TOC entry 3226 (class 2606 OID 18910)
-- Name: django_content_type django_content_type_app_label_model_76bd3d3b_uniq; Type: CONSTRAINT; Schema: public; Owner: djangouser
--

ALTER TABLE ONLY public.django_content_type
    ADD CONSTRAINT django_content_type_app_label_model_76bd3d3b_uniq UNIQUE (app_label, model);


--
-- TOC entry 3228 (class 2606 OID 18908)
-- Name: django_content_type django_content_type_pkey; Type: CONSTRAINT; Schema: public; Owner: djangouser
--

ALTER TABLE ONLY public.django_content_type
    ADD CONSTRAINT django_content_type_pkey PRIMARY KEY (id);


--
-- TOC entry 3224 (class 2606 OID 18902)
-- Name: django_migrations django_migrations_pkey; Type: CONSTRAINT; Schema: public; Owner: djangouser
--

ALTER TABLE ONLY public.django_migrations
    ADD CONSTRAINT django_migrations_pkey PRIMARY KEY (id);


--
-- TOC entry 3274 (class 2606 OID 19055)
-- Name: django_session django_session_pkey; Type: CONSTRAINT; Schema: public; Owner: djangouser
--

ALTER TABLE ONLY public.django_session
    ADD CONSTRAINT django_session_pkey PRIMARY KEY (session_key);


--
-- TOC entry 3245 (class 1259 OID 18985)
-- Name: App_appuser_email_87c4181a_like; Type: INDEX; Schema: public; Owner: djangouser
--

CREATE INDEX "App_appuser_email_87c4181a_like" ON public."App_appuser" USING btree (email varchar_pattern_ops);


--
-- TOC entry 3250 (class 1259 OID 18998)
-- Name: App_appuser_groups_appuser_id_bf114c21; Type: INDEX; Schema: public; Owner: djangouser
--

CREATE INDEX "App_appuser_groups_appuser_id_bf114c21" ON public."App_appuser_groups" USING btree (appuser_id);


--
-- TOC entry 3253 (class 1259 OID 18999)
-- Name: App_appuser_groups_group_id_14eff090; Type: INDEX; Schema: public; Owner: djangouser
--

CREATE INDEX "App_appuser_groups_group_id_14eff090" ON public."App_appuser_groups" USING btree (group_id);


--
-- TOC entry 3258 (class 1259 OID 19012)
-- Name: App_appuser_user_permissions_appuser_id_2f31dc46; Type: INDEX; Schema: public; Owner: djangouser
--

CREATE INDEX "App_appuser_user_permissions_appuser_id_2f31dc46" ON public."App_appuser_user_permissions" USING btree (appuser_id);


--
-- TOC entry 3259 (class 1259 OID 19013)
-- Name: App_appuser_user_permissions_permission_id_e7b2915d; Type: INDEX; Schema: public; Owner: djangouser
--

CREATE INDEX "App_appuser_user_permissions_permission_id_e7b2915d" ON public."App_appuser_user_permissions" USING btree (permission_id);


--
-- TOC entry 3262 (class 1259 OID 19026)
-- Name: App_sympathy_from_user_id_62c4723f; Type: INDEX; Schema: public; Owner: djangouser
--

CREATE INDEX "App_sympathy_from_user_id_62c4723f" ON public."App_sympathy" USING btree (from_user_id);


--
-- TOC entry 3267 (class 1259 OID 19027)
-- Name: App_sympathy_to_user_id_b8ca15b3; Type: INDEX; Schema: public; Owner: djangouser
--

CREATE INDEX "App_sympathy_to_user_id_b8ca15b3" ON public."App_sympathy" USING btree (to_user_id);


--
-- TOC entry 3234 (class 1259 OID 18956)
-- Name: auth_group_name_a6ea08ec_like; Type: INDEX; Schema: public; Owner: djangouser
--

CREATE INDEX auth_group_name_a6ea08ec_like ON public.auth_group USING btree (name varchar_pattern_ops);


--
-- TOC entry 3239 (class 1259 OID 18952)
-- Name: auth_group_permissions_group_id_b120cbf9; Type: INDEX; Schema: public; Owner: djangouser
--

CREATE INDEX auth_group_permissions_group_id_b120cbf9 ON public.auth_group_permissions USING btree (group_id);


--
-- TOC entry 3242 (class 1259 OID 18953)
-- Name: auth_group_permissions_permission_id_84c5c92e; Type: INDEX; Schema: public; Owner: djangouser
--

CREATE INDEX auth_group_permissions_permission_id_84c5c92e ON public.auth_group_permissions USING btree (permission_id);


--
-- TOC entry 3229 (class 1259 OID 18938)
-- Name: auth_permission_content_type_id_2f476e4b; Type: INDEX; Schema: public; Owner: djangouser
--

CREATE INDEX auth_permission_content_type_id_2f476e4b ON public.auth_permission USING btree (content_type_id);


--
-- TOC entry 3268 (class 1259 OID 19047)
-- Name: django_admin_log_content_type_id_c4bce8eb; Type: INDEX; Schema: public; Owner: djangouser
--

CREATE INDEX django_admin_log_content_type_id_c4bce8eb ON public.django_admin_log USING btree (content_type_id);


--
-- TOC entry 3271 (class 1259 OID 19048)
-- Name: django_admin_log_user_id_c564eba6; Type: INDEX; Schema: public; Owner: djangouser
--

CREATE INDEX django_admin_log_user_id_c564eba6 ON public.django_admin_log USING btree (user_id);


--
-- TOC entry 3272 (class 1259 OID 19057)
-- Name: django_session_expire_date_a5c62663; Type: INDEX; Schema: public; Owner: djangouser
--

CREATE INDEX django_session_expire_date_a5c62663 ON public.django_session USING btree (expire_date);


--
-- TOC entry 3275 (class 1259 OID 19056)
-- Name: django_session_session_key_c0390e0f_like; Type: INDEX; Schema: public; Owner: djangouser
--

CREATE INDEX django_session_session_key_c0390e0f_like ON public.django_session USING btree (session_key varchar_pattern_ops);


--
-- TOC entry 3279 (class 2606 OID 18988)
-- Name: App_appuser_groups App_appuser_groups_appuser_id_bf114c21_fk_App_appuser_id; Type: FK CONSTRAINT; Schema: public; Owner: djangouser
--

ALTER TABLE ONLY public."App_appuser_groups"
    ADD CONSTRAINT "App_appuser_groups_appuser_id_bf114c21_fk_App_appuser_id" FOREIGN KEY (appuser_id) REFERENCES public."App_appuser"(id) DEFERRABLE INITIALLY DEFERRED;


--
-- TOC entry 3280 (class 2606 OID 18993)
-- Name: App_appuser_groups App_appuser_groups_group_id_14eff090_fk_auth_group_id; Type: FK CONSTRAINT; Schema: public; Owner: djangouser
--

ALTER TABLE ONLY public."App_appuser_groups"
    ADD CONSTRAINT "App_appuser_groups_group_id_14eff090_fk_auth_group_id" FOREIGN KEY (group_id) REFERENCES public.auth_group(id) DEFERRABLE INITIALLY DEFERRED;


--
-- TOC entry 3281 (class 2606 OID 19002)
-- Name: App_appuser_user_permissions App_appuser_user_per_appuser_id_2f31dc46_fk_App_appus; Type: FK CONSTRAINT; Schema: public; Owner: djangouser
--

ALTER TABLE ONLY public."App_appuser_user_permissions"
    ADD CONSTRAINT "App_appuser_user_per_appuser_id_2f31dc46_fk_App_appus" FOREIGN KEY (appuser_id) REFERENCES public."App_appuser"(id) DEFERRABLE INITIALLY DEFERRED;


--
-- TOC entry 3282 (class 2606 OID 19007)
-- Name: App_appuser_user_permissions App_appuser_user_per_permission_id_e7b2915d_fk_auth_perm; Type: FK CONSTRAINT; Schema: public; Owner: djangouser
--

ALTER TABLE ONLY public."App_appuser_user_permissions"
    ADD CONSTRAINT "App_appuser_user_per_permission_id_e7b2915d_fk_auth_perm" FOREIGN KEY (permission_id) REFERENCES public.auth_permission(id) DEFERRABLE INITIALLY DEFERRED;


--
-- TOC entry 3283 (class 2606 OID 19016)
-- Name: App_sympathy App_sympathy_from_user_id_62c4723f_fk_App_appuser_id; Type: FK CONSTRAINT; Schema: public; Owner: djangouser
--

ALTER TABLE ONLY public."App_sympathy"
    ADD CONSTRAINT "App_sympathy_from_user_id_62c4723f_fk_App_appuser_id" FOREIGN KEY (from_user_id) REFERENCES public."App_appuser"(id) DEFERRABLE INITIALLY DEFERRED;


--
-- TOC entry 3284 (class 2606 OID 19021)
-- Name: App_sympathy App_sympathy_to_user_id_b8ca15b3_fk_App_appuser_id; Type: FK CONSTRAINT; Schema: public; Owner: djangouser
--

ALTER TABLE ONLY public."App_sympathy"
    ADD CONSTRAINT "App_sympathy_to_user_id_b8ca15b3_fk_App_appuser_id" FOREIGN KEY (to_user_id) REFERENCES public."App_appuser"(id) DEFERRABLE INITIALLY DEFERRED;


--
-- TOC entry 3277 (class 2606 OID 18947)
-- Name: auth_group_permissions auth_group_permissio_permission_id_84c5c92e_fk_auth_perm; Type: FK CONSTRAINT; Schema: public; Owner: djangouser
--

ALTER TABLE ONLY public.auth_group_permissions
    ADD CONSTRAINT auth_group_permissio_permission_id_84c5c92e_fk_auth_perm FOREIGN KEY (permission_id) REFERENCES public.auth_permission(id) DEFERRABLE INITIALLY DEFERRED;


--
-- TOC entry 3278 (class 2606 OID 18942)
-- Name: auth_group_permissions auth_group_permissions_group_id_b120cbf9_fk_auth_group_id; Type: FK CONSTRAINT; Schema: public; Owner: djangouser
--

ALTER TABLE ONLY public.auth_group_permissions
    ADD CONSTRAINT auth_group_permissions_group_id_b120cbf9_fk_auth_group_id FOREIGN KEY (group_id) REFERENCES public.auth_group(id) DEFERRABLE INITIALLY DEFERRED;


--
-- TOC entry 3276 (class 2606 OID 18933)
-- Name: auth_permission auth_permission_content_type_id_2f476e4b_fk_django_co; Type: FK CONSTRAINT; Schema: public; Owner: djangouser
--

ALTER TABLE ONLY public.auth_permission
    ADD CONSTRAINT auth_permission_content_type_id_2f476e4b_fk_django_co FOREIGN KEY (content_type_id) REFERENCES public.django_content_type(id) DEFERRABLE INITIALLY DEFERRED;


--
-- TOC entry 3285 (class 2606 OID 19037)
-- Name: django_admin_log django_admin_log_content_type_id_c4bce8eb_fk_django_co; Type: FK CONSTRAINT; Schema: public; Owner: djangouser
--

ALTER TABLE ONLY public.django_admin_log
    ADD CONSTRAINT django_admin_log_content_type_id_c4bce8eb_fk_django_co FOREIGN KEY (content_type_id) REFERENCES public.django_content_type(id) DEFERRABLE INITIALLY DEFERRED;


--
-- TOC entry 3286 (class 2606 OID 19042)
-- Name: django_admin_log django_admin_log_user_id_c564eba6_fk_App_appuser_id; Type: FK CONSTRAINT; Schema: public; Owner: djangouser
--

ALTER TABLE ONLY public.django_admin_log
    ADD CONSTRAINT "django_admin_log_user_id_c564eba6_fk_App_appuser_id" FOREIGN KEY (user_id) REFERENCES public."App_appuser"(id) DEFERRABLE INITIALLY DEFERRED;


-- Completed on 2023-07-04 16:49:10

--
-- PostgreSQL database dump complete
--

